{"version": "1", "message": "ERROR: Hidden Testcases server unreachable.", "problem_id": "ads2_m4_a1_1", "user_id": "SukeshP1995", "score": {"sample": {"0": {"execution_time": 2.153473138809204, "passed": true}, "1": {"execution_time": 0.35497283935546875, "passed": true}, "2": {"execution_time": 0.3917973041534424, "passed": true}, "3": {"execution_time": 0.400972843170166, "passed": true}, "4": {"execution_time": 0.35215115547180176, "passed": true}, "5": {"execution_time": 2.093726396560669, "passed": true}, "6": {"execution_time": 0.35738706588745117, "passed": true}, "7": {"execution_time": 0.34007859230041504, "passed": true}, "8": {"execution_time": 0.34575724601745605, "passed": true}, "9": {"execution_time": 0.30455756187438965, "passed": true}, "10": {"execution_time": 0.28417086601257324, "passed": true}, "11": {"execution_time": 1.5409302711486816, "passed": true}, "12": {"execution_time": 0.28905367851257324, "passed": true}, "13": {"execution_time": 1.6519994735717773, "passed": true}, "14": {"execution_time": 0.2901933193206787, "passed": true}}}, "check_style_score": "0/1"}