{"user_id": "Rohithmarktricks", "problem_id": "ads2_m6_a1_1", "score": {"sample": {"0": {"execution_time": 0.4711785316467285, "passed": false}, "1": {"execution_time": 0.42495083808898926, "passed": false}, "2": {"execution_time": 0.43448519706726074, "passed": false}, "3": {"execution_time": 0.4174621105194092, "passed": false}, "4": {"execution_time": 0.28087639808654785, "passed": false}, "5": {"execution_time": 0.40514254570007324, "passed": false}, "6": {"execution_time": 0.38529515266418457, "passed": true}, "7": {"execution_time": 0.39296841621398926, "passed": false}, "8": {"execution_time": 0.41098809242248535, "passed": true}, "9": {"execution_time": 0.3752577304840088, "passed": false}, "10": {"execution_time": 0.3559727668762207, "passed": true}, "11": {"execution_time": 0.39922118186950684, "passed": false}}}, "version": "1", "message": "ERROR: Hidden Testcases server unreachable.", "check_style_score": "0/1"}