{"user_id": "Rohithmarktricks", "score": {"sample": {"0": {"execution_time": 0.4430861473083496, "passed": false}, "1": {"execution_time": 0.3829464912414551, "passed": false}, "2": {"execution_time": 0.3898777961730957, "passed": false}, "3": {"execution_time": 0.39394187927246094, "passed": false}, "4": {"execution_time": 0.41907715797424316, "passed": false}, "5": {"execution_time": 0.449648380279541, "passed": false}, "6": {"execution_time": 0.36612677574157715, "passed": true}, "7": {"execution_time": 0.3699073791503906, "passed": false}, "8": {"execution_time": 0.3098411560058594, "passed": true}, "9": {"execution_time": 0.2906806468963623, "passed": false}, "10": {"execution_time": 0.3274502754211426, "passed": true}, "11": {"execution_time": 0.2706925868988037, "passed": false}}}, "message": "ERROR: Hidden Testcases server unreachable.", "problem_id": "ads2_m6_a1_1", "check_style_score": "0/1", "version": "1"}