{"message": "ERROR: Hidden Testcases server unreachable.", "problem_id": "ads2_m6_a1_1", "check_style_score": "1/1", "user_id": "Rohithmarktricks", "score": {"sample": {"0": {"execution_time": 0.23224377632141113, "passed": false}, "1": {"execution_time": 0.1698153018951416, "passed": false}, "2": {"execution_time": 0.24606704711914062, "passed": false}, "3": {"execution_time": 0.2706797122955322, "passed": false}, "4": {"execution_time": 0.16892623901367188, "passed": false}, "5": {"execution_time": 0.1678929328918457, "passed": false}, "6": {"execution_time": 0.2513296604156494, "passed": false}, "7": {"execution_time": 0.16921758651733398, "passed": false}, "8": {"execution_time": 0.25010251998901367, "passed": false}, "9": {"execution_time": 0.1639862060546875, "passed": false}, "10": {"execution_time": 0.17289113998413086, "passed": false}, "11": {"execution_time": 0.1489274501800537, "passed": false}}}, "version": "1"}