{"check_style_score": "0/1", "version": "1", "user_id": "Rohithmarktricks", "message": "ERROR: Hidden Testcases server unreachable.", "score": {"sample": {"0": {"execution_time": 0.27919888496398926, "passed": false}, "1": {"execution_time": 0.355236291885376, "passed": false}, "2": {"execution_time": 0.35912132263183594, "passed": false}, "3": {"execution_time": 0.3005530834197998, "passed": false}, "4": {"execution_time": 0.31879639625549316, "passed": false}, "5": {"execution_time": 0.42844486236572266, "passed": true}, "6": {"execution_time": 0.3421287536621094, "passed": true}, "7": {"execution_time": 0.4049224853515625, "passed": false}, "8": {"execution_time": 0.37066173553466797, "passed": true}, "9": {"execution_time": 0.40355730056762695, "passed": false}, "10": {"execution_time": 0.26634955406188965, "passed": true}, "11": {"execution_time": 0.4570014476776123, "passed": false}}}, "problem_id": "ads2_m6_a1_1"}