{"score": {"sample": {"0": {"execution_time": 0.2949869632720947, "passed": false}, "1": {"execution_time": 0.303086519241333, "passed": false}, "2": {"execution_time": 0.3188152313232422, "passed": false}, "3": {"execution_time": 0.4127235412597656, "passed": false}, "4": {"execution_time": 0.42226195335388184, "passed": false}, "5": {"execution_time": 0.34714603424072266, "passed": false}, "6": {"execution_time": 0.5618884563446045, "passed": true}, "7": {"execution_time": 0.3219172954559326, "passed": false}, "8": {"execution_time": 0.28648948669433594, "passed": true}, "9": {"execution_time": 0.2710554599761963, "passed": false}, "10": {"execution_time": 0.3962876796722412, "passed": true}, "11": {"execution_time": 0.2903006076812744, "passed": false}}}, "problem_id": "ads2_m6_a1_1", "version": "1", "check_style_score": "0/1", "message": "ERROR: Hidden Testcases server unreachable.", "user_id": "Rohithmarktricks"}