{"user_id": "Rohithmarktricks", "message": "ERROR: Hidden Testcases server unreachable.", "version": "1", "score": {"sample": {"0": {"passed": false, "execution_time": 0.3368957042694092}, "1": {"passed": false, "execution_time": 0.35134267807006836}, "2": {"passed": false, "execution_time": 0.37766194343566895}, "3": {"passed": false, "execution_time": 0.32357072830200195}, "4": {"passed": false, "execution_time": 0.29337167739868164}, "5": {"passed": false, "execution_time": 0.3292508125305176}, "6": {"passed": true, "execution_time": 0.3418242931365967}, "7": {"passed": false, "execution_time": 0.3335890769958496}, "8": {"passed": true, "execution_time": 0.3463113307952881}, "9": {"passed": false, "execution_time": 0.31404948234558105}, "10": {"passed": true, "execution_time": 0.314422607421875}, "11": {"passed": false, "execution_time": 0.4610931873321533}}}, "problem_id": "ads2_m6_a1_1", "check_style_score": "0/1"}