{"problem_id": "ads2_m6_a1_1", "score": {"sample": {"0": {"passed": false, "execution_time": 0.40713000297546387}, "1": {"passed": false, "execution_time": 0.32846999168395996}, "2": {"passed": false, "execution_time": 0.40489721298217773}, "3": {"passed": false, "execution_time": 0.35109877586364746}, "4": {"passed": false, "execution_time": 0.41739702224731445}, "5": {"passed": false, "execution_time": 0.40808963775634766}, "6": {"passed": true, "execution_time": 0.34723687171936035}, "7": {"passed": false, "execution_time": 0.406571626663208}, "8": {"passed": true, "execution_time": 0.3131752014160156}, "9": {"passed": false, "execution_time": 0.4169039726257324}, "10": {"passed": true, "execution_time": 0.4005897045135498}, "11": {"passed": false, "execution_time": 0.27955150604248047}}}, "version": "1", "user_id": "Rohithmarktricks", "message": "ERROR: Hidden Testcases server unreachable.", "check_style_score": "1/1"}