{"version": "1", "check_style_score": "1/1", "score": {"sample": {"0": {"passed": false, "execution_time": 0.27858948707580566}, "1": {"passed": false, "execution_time": 0.2892792224884033}, "2": {"passed": false, "execution_time": 0.34801506996154785}, "3": {"passed": false, "execution_time": 0.2827491760253906}, "4": {"passed": false, "execution_time": 0.40570640563964844}, "5": {"passed": false, "execution_time": 0.2856578826904297}, "6": {"passed": true, "execution_time": 0.23810100555419922}, "7": {"passed": false, "execution_time": 0.31195592880249023}, "8": {"passed": true, "execution_time": 0.2713503837585449}, "9": {"passed": false, "execution_time": 0.24704766273498535}, "10": {"passed": true, "execution_time": 0.3513951301574707}, "11": {"passed": false, "execution_time": 0.31625962257385254}}}, "message": "ERROR: Hidden Testcases server unreachable.", "user_id": "Rohithmarktricks", "problem_id": "ads2_m6_a1_1"}