{"version": "1", "message": "ERROR: Hidden Testcases server unreachable.", "user_id": "Rohithmarktricks", "score": {"sample": {"0": {"execution_time": 0.4300401210784912, "passed": false}, "1": {"execution_time": 0.40861988067626953, "passed": false}, "2": {"execution_time": 0.41847896575927734, "passed": false}, "3": {"execution_time": 0.28222131729125977, "passed": false}, "4": {"execution_time": 0.4158942699432373, "passed": false}, "5": {"execution_time": 0.42739391326904297, "passed": false}, "6": {"execution_time": 0.27998876571655273, "passed": true}, "7": {"execution_time": 0.28606605529785156, "passed": false}, "8": {"execution_time": 0.48137450218200684, "passed": true}, "9": {"execution_time": 0.40445899963378906, "passed": false}, "10": {"execution_time": 0.3076612949371338, "passed": true}, "11": {"execution_time": 0.49793219566345215, "passed": false}}}, "problem_id": "ads2_m6_a1_1", "check_style_score": "0/1"}