{"user_id": "Rohithmarktricks", "score": {"sample": {"0": {"execution_time": 0.4798908233642578, "passed": false}, "1": {"execution_time": 0.36958909034729004, "passed": false}, "2": {"execution_time": 0.26965880393981934, "passed": false}, "3": {"execution_time": 0.4004509449005127, "passed": false}, "4": {"execution_time": 0.3419051170349121, "passed": false}, "5": {"execution_time": 0.3777353763580322, "passed": false}, "6": {"execution_time": 0.2758910655975342, "passed": true}, "7": {"execution_time": 0.35320234298706055, "passed": false}, "8": {"execution_time": 0.3998868465423584, "passed": true}, "9": {"execution_time": 0.40888500213623047, "passed": false}, "10": {"execution_time": 0.35414743423461914, "passed": true}, "11": {"execution_time": 0.3618464469909668, "passed": false}}}, "check_style_score": "0/1", "problem_id": "ads2_m6_a1_1", "version": "1", "message": "ERROR: Hidden Testcases server unreachable."}