{"problem_id": "ads2_m6_a1_1", "check_style_score": "1/1", "version": "1", "score": {"sample": {"0": {"passed": false, "execution_time": 0.24012470245361328}, "1": {"passed": false, "execution_time": 0.18465566635131836}, "2": {"passed": false, "execution_time": 0.24166631698608398}, "3": {"passed": false, "execution_time": 0.24385404586791992}, "4": {"passed": false, "execution_time": 0.25133776664733887}, "5": {"passed": false, "execution_time": 0.27962541580200195}, "6": {"passed": false, "execution_time": 0.1873462200164795}, "7": {"passed": false, "execution_time": 0.2740786075592041}, "8": {"passed": false, "execution_time": 0.22889113426208496}, "9": {"passed": false, "execution_time": 0.1878964900970459}, "10": {"passed": false, "execution_time": 0.18171024322509766}, "11": {"passed": false, "execution_time": 0.15477919578552246}}}, "user_id": "Rohithmarktricks", "message": "ERROR: Hidden Testcases server unreachable."}