{"message": "ERROR: Hidden Testcases server unreachable.", "problem_id": "ads2_m6_a1_1", "score": {"sample": {"0": {"passed": false, "execution_time": 0.16994547843933105}, "1": {"passed": false, "execution_time": 0.2643258571624756}, "2": {"passed": false, "execution_time": 0.23983383178710938}, "3": {"passed": false, "execution_time": 0.15673160552978516}, "4": {"passed": false, "execution_time": 0.20230627059936523}, "5": {"passed": false, "execution_time": 0.24023222923278809}, "6": {"passed": false, "execution_time": 0.24110674858093262}, "7": {"passed": false, "execution_time": 0.15929126739501953}, "8": {"passed": false, "execution_time": 0.3170456886291504}, "9": {"passed": false, "execution_time": 0.25774598121643066}, "10": {"passed": false, "execution_time": 0.24213600158691406}, "11": {"passed": false, "execution_time": 0.24364233016967773}}}, "user_id": "Rohithmarktricks", "check_style_score": "1/1", "version": "1"}