{"check_style_score": "1/1", "problem_id": "ads2_m6_a1_1", "user_id": "Rohithmarktricks", "message": "ERROR: Hidden Testcases server unreachable.", "version": "1", "score": {"sample": {"0": {"execution_time": 0.29166507720947266, "passed": false}, "1": {"execution_time": 0.3061540126800537, "passed": false}, "2": {"execution_time": 0.334470272064209, "passed": false}, "3": {"execution_time": 0.31972289085388184, "passed": false}, "4": {"execution_time": 0.32867956161499023, "passed": false}, "5": {"execution_time": 0.2966020107269287, "passed": false}, "6": {"execution_time": 0.3499150276184082, "passed": true}, "7": {"execution_time": 0.29848623275756836, "passed": false}, "8": {"execution_time": 0.3165769577026367, "passed": true}, "9": {"execution_time": 0.27377939224243164, "passed": false}, "10": {"execution_time": 0.439420223236084, "passed": true}, "11": {"execution_time": 0.26978349685668945, "passed": false}}}}