{"version": "1", "problem_id": "ads2_m6_a1_1", "message": "ERROR: Hidden Testcases server unreachable.", "check_style_score": "0/1", "user_id": "Rohithmarktricks", "score": {"sample": {"0": {"passed": false, "execution_time": 0.8842000961303711}, "1": {"passed": false, "execution_time": 0.26821446418762207}, "2": {"passed": false, "execution_time": 0.27447080612182617}, "3": {"passed": false, "execution_time": 0.4139440059661865}, "4": {"passed": false, "execution_time": 0.372600793838501}, "5": {"passed": false, "execution_time": 0.3144388198852539}, "6": {"passed": true, "execution_time": 0.3412353992462158}, "7": {"passed": false, "execution_time": 0.39269328117370605}, "8": {"passed": true, "execution_time": 0.3978755474090576}, "9": {"passed": false, "execution_time": 0.35409116744995117}, "10": {"passed": true, "execution_time": 0.2987334728240967}, "11": {"passed": false, "execution_time": 0.39563488960266113}}}}