{"problem_id": "ads2_m2_a1_1", "score": {"sample": {"0": {"execution_time": 0.24964022636413574, "passed": true}, "1": {"execution_time": 0.27810001373291016, "passed": true}, "2": {"execution_time": 0.16392731666564941, "passed": true}, "3": {"execution_time": 0.23197197914123535, "passed": true}, "4": {"execution_time": 0.2718672752380371, "passed": true}, "5": {"execution_time": 0.3422253131866455, "passed": true}, "6": {"execution_time": 0.16950154304504395, "passed": true}, "7": {"execution_time": 0.16602516174316406, "passed": true}, "8": {"execution_time": 0.24608135223388672, "passed": true}, "9": {"execution_time": 0.26874876022338867, "passed": true}, "10": {"execution_time": 0.26509737968444824, "passed": true}, "11": {"execution_time": 0.31050944328308105, "passed": true}, "12": {"execution_time": 0.16507935523986816, "passed": true}, "13": {"execution_time": 0.30510544776916504, "passed": true}, "14": {"execution_time": 0.2678256034851074, "passed": true}, "15": {"execution_time": 0.1811692714691162, "passed": true}, "16": {"execution_time": 0.3130314350128174, "passed": true}, "17": {"execution_time": 0.35155391693115234, "passed": true}, "18": {"execution_time": 0.3492929935455322, "passed": true}, "19": {"execution_time": 0.3270683288574219, "passed": true}, "20": {"execution_time": 0.383500337600708, "passed": true}, "21": {"execution_time": 0.28616881370544434, "passed": true}, "22": {"execution_time": 0.5212767124176025, "passed": true}, "23": {"execution_time": 0.5191571712493896, "passed": true}}}, "message": "ERROR: Hidden Testcases server unreachable.", "version": "1", "user_id": "Rohithmarktricks", "check_style_score": "1/1"}