{"score": {"sample": {"0": {"passed": true, "execution_time": 0.22582745552062988}, "1": {"passed": true, "execution_time": 0.12745237350463867}, "2": {"passed": true, "execution_time": 0.12567353248596191}, "3": {"passed": true, "execution_time": 0.188338041305542}, "4": {"passed": true, "execution_time": 0.2432553768157959}, "5": {"passed": true, "execution_time": 0.25683069229125977}, "6": {"passed": true, "execution_time": 0.24647998809814453}, "7": {"passed": true, "execution_time": 0.14571833610534668}, "8": {"passed": true, "execution_time": 0.12334465980529785}, "9": {"passed": true, "execution_time": 0.2347567081451416}, "10": {"passed": true, "execution_time": 0.16503524780273438}, "11": {"passed": true, "execution_time": 0.11934781074523926}, "12": {"passed": true, "execution_time": 0.17298030853271484}, "13": {"passed": true, "execution_time": 0.16842126846313477}, "14": {"passed": true, "execution_time": 0.17744684219360352}, "15": {"passed": true, "execution_time": 0.1518547534942627}, "16": {"passed": true, "execution_time": 0.14240193367004395}, "17": {"passed": true, "execution_time": 0.24385547637939453}, "18": {"passed": true, "execution_time": 0.23685789108276367}, "19": {"passed": true, "execution_time": 0.18826770782470703}, "20": {"passed": true, "execution_time": 0.3273735046386719}, "21": {"passed": true, "execution_time": 0.2444450855255127}, "22": {"passed": true, "execution_time": 0.47685861587524414}, "23": {"passed": true, "execution_time": 0.41485047340393066}}}, "message": "ERROR: Hidden Testcases server unreachable.", "check_style_score": "1/1", "version": "1", "problem_id": "ads2_m2_a1_1", "user_id": "Rohithmarktricks"}