{"message": "ERROR: Hidden Testcases server unreachable.", "problem_id": "ads2_m2_a1_1", "score": {"sample": {"0": {"execution_time": 0.14950013160705566, "passed": true}, "1": {"execution_time": 0.24468302726745605, "passed": true}, "2": {"execution_time": 0.17260122299194336, "passed": true}, "3": {"execution_time": 0.15050339698791504, "passed": true}, "4": {"execution_time": 0.12799453735351562, "passed": true}, "5": {"execution_time": 0.15961313247680664, "passed": true}, "6": {"execution_time": 0.1219944953918457, "passed": true}, "7": {"execution_time": 0.14293503761291504, "passed": true}, "8": {"execution_time": 0.12470674514770508, "passed": true}, "9": {"execution_time": 0.12668895721435547, "passed": true}, "10": {"execution_time": 0.14052200317382812, "passed": true}, "11": {"execution_time": 0.13613152503967285, "passed": true}, "12": {"execution_time": 0.1471848487854004, "passed": true}, "13": {"execution_time": 0.1972661018371582, "passed": true}, "14": {"execution_time": 0.18917608261108398, "passed": true}, "15": {"execution_time": 0.5146431922912598, "passed": true}, "16": {"execution_time": 0.1542041301727295, "passed": true}, "17": {"execution_time": 0.24713349342346191, "passed": true}, "18": {"execution_time": 0.21452569961547852, "passed": true}, "19": {"execution_time": 0.28125548362731934, "passed": true}, "20": {"execution_time": 0.2365419864654541, "passed": true}, "21": {"execution_time": 0.20976710319519043, "passed": true}, "22": {"execution_time": 0.35626912117004395, "passed": true}, "23": {"execution_time": 0.376187801361084, "passed": true}}}, "version": "1", "check_style_score": "1/1", "user_id": "Rohithmarktricks"}