{"user_id": "Rohithmarktricks", "score": {"sample": {"0": {"passed": true, "execution_time": 0.7957472801208496}, "1": {"passed": true, "execution_time": 0.4853806495666504}, "2": {"passed": true, "execution_time": 1.1846776008605957}, "3": {"passed": true, "execution_time": 0.7684593200683594}, "4": {"passed": true, "execution_time": 0.7550399303436279}, "5": {"passed": true, "execution_time": 0.8175437450408936}, "6": {"passed": true, "execution_time": 0.7873690128326416}, "7": {"passed": true, "execution_time": 0.8964383602142334}, "8": {"passed": true, "execution_time": 0.6036734580993652}, "9": {"passed": true, "execution_time": 0.7709815502166748}, "10": {"passed": true, "execution_time": 0.8376054763793945}, "11": {"passed": true, "execution_time": 4.683176517486572}, "12": {"passed": true, "execution_time": 0.8011574745178223}, "13": {"passed": true, "execution_time": 0.37590718269348145}, "14": {"passed": true, "execution_time": 0.7426738739013672}, "15": {"passed": true, "execution_time": 0.7223467826843262}, "16": {"passed": true, "execution_time": 0.6006550788879395}, "17": {"passed": true, "execution_time": 0.4932112693786621}, "18": {"passed": true, "execution_time": 0.41454100608825684}, "19": {"passed": true, "execution_time": 0.4610130786895752}, "20": {"passed": true, "execution_time": 0.6671938896179199}, "21": {"passed": true, "execution_time": 0.3525693416595459}, "22": {"passed": true, "execution_time": 0.3932173252105713}, "23": {"passed": true, "execution_time": 0.3774888515472412}, "24": {"passed": true, "execution_time": 0.3845334053039551}, "25": {"passed": true, "execution_time": 0.8023829460144043}, "26": {"passed": true, "execution_time": 0.8027405738830566}, "27": {"passed": true, "execution_time": 0.9258146286010742}, "28": {"passed": true, "execution_time": 1.5043702125549316}, "29": {"passed": true, "execution_time": 1.0080115795135498}}}, "version": "1", "message": "ERROR: Hidden Testcases server unreachable.", "problem_id": "ads2_m16_a1_1", "check_style_score": "0/1"}