{"version": "1", "problem_id": "ads2_m16_a1_1", "score": {"sample": {"0": {"passed": true, "execution_time": 0.24725127220153809}, "1": {"passed": true, "execution_time": 0.2419273853302002}, "2": {"passed": true, "execution_time": 0.6133472919464111}, "3": {"passed": true, "execution_time": 0.5861971378326416}, "4": {"passed": true, "execution_time": 0.5778632164001465}, "5": {"passed": true, "execution_time": 0.5689704418182373}, "6": {"passed": true, "execution_time": 0.5775561332702637}, "7": {"passed": true, "execution_time": 0.5987536907196045}, "8": {"passed": true, "execution_time": 0.35167717933654785}, "9": {"passed": true, "execution_time": 0.619081974029541}, "10": {"passed": true, "execution_time": 0.6032059192657471}, "11": {"passed": true, "execution_time": 4.467735767364502}, "12": {"passed": true, "execution_time": 1.005169153213501}, "13": {"passed": true, "execution_time": 0.2207021713256836}, "14": {"passed": true, "execution_time": 0.7103958129882812}, "15": {"passed": true, "execution_time": 0.6079883575439453}, "16": {"passed": true, "execution_time": 0.29259729385375977}, "17": {"passed": true, "execution_time": 0.2732689380645752}, "18": {"passed": true, "execution_time": 0.2722361087799072}, "19": {"passed": true, "execution_time": 0.29120731353759766}, "20": {"passed": true, "execution_time": 0.32060790061950684}, "21": {"passed": true, "execution_time": 0.3275430202484131}, "22": {"passed": true, "execution_time": 0.26304006576538086}, "23": {"passed": true, "execution_time": 0.2752082347869873}, "24": {"passed": true, "execution_time": 0.18796062469482422}, "25": {"passed": true, "execution_time": 0.6972086429595947}, "26": {"passed": true, "execution_time": 0.5546963214874268}, "27": {"passed": true, "execution_time": 0.6199536323547363}, "28": {"passed": true, "execution_time": 1.0356547832489014}, "29": {"passed": true, "execution_time": 0.8876383304595947}}}, "user_id": "Rohithmarktricks", "check_style_score": "1/1", "message": "ERROR: Hidden Testcases server unreachable."}