{"problem_id": "ads2_m16_a1_1", "message": "ERROR: Hidden Testcases server unreachable.", "user_id": "Rohithmarktricks", "version": "1", "score": {"sample": {"0": {"passed": true, "execution_time": 0.5664722919464111}, "1": {"passed": true, "execution_time": 0.45514512062072754}, "2": {"passed": true, "execution_time": 1.4088866710662842}, "3": {"passed": true, "execution_time": 1.292226791381836}, "4": {"passed": true, "execution_time": 1.3697130680084229}, "5": {"passed": true, "execution_time": 1.5005273818969727}, "6": {"passed": true, "execution_time": 1.4582793712615967}, "7": {"passed": true, "execution_time": 1.3598549365997314}, "8": {"passed": true, "execution_time": 0.6154913902282715}, "9": {"passed": true, "execution_time": 1.4427800178527832}, "10": {"passed": true, "execution_time": 1.4152576923370361}, "11": {"passed": true, "execution_time": 4.549887180328369}, "12": {"passed": true, "execution_time": 1.4038496017456055}, "13": {"passed": true, "execution_time": 0.4765160083770752}, "14": {"passed": true, "execution_time": 1.4390206336975098}, "15": {"passed": true, "execution_time": 1.6885888576507568}, "16": {"passed": true, "execution_time": 0.5621767044067383}, "17": {"passed": true, "execution_time": 0.5106518268585205}, "18": {"passed": true, "execution_time": 0.5331487655639648}, "19": {"passed": true, "execution_time": 0.41632843017578125}, "20": {"passed": true, "execution_time": 0.5666756629943848}, "21": {"passed": true, "execution_time": 0.4964020252227783}, "22": {"passed": true, "execution_time": 0.48967432975769043}, "23": {"passed": true, "execution_time": 0.5343499183654785}, "24": {"passed": true, "execution_time": 0.34740281105041504}, "25": {"passed": true, "execution_time": 1.5349211692810059}, "26": {"passed": true, "execution_time": 1.1089293956756592}, "27": {"passed": true, "execution_time": 1.4193410873413086}, "28": {"passed": true, "execution_time": 2.2657406330108643}, "29": {"passed": false, "execution_time": 0.3678464889526367}}}, "check_style_score": "0/1"}