{"user_id": "Rohithmarktricks", "message": "ERROR: Hidden Testcases server unreachable.", "version": "1", "score": {"sample": {"0": {"execution_time": 0.4092671871185303, "passed": true}, "1": {"execution_time": 0.44829463958740234, "passed": true}, "2": {"execution_time": 0.9002289772033691, "passed": true}, "3": {"execution_time": 0.8346376419067383, "passed": true}, "4": {"execution_time": 0.7819180488586426, "passed": true}, "5": {"execution_time": 0.8466396331787109, "passed": true}, "6": {"execution_time": 0.7064359188079834, "passed": true}, "7": {"execution_time": 0.6752760410308838, "passed": true}, "8": {"execution_time": 0.5812301635742188, "passed": true}, "9": {"execution_time": 0.8002417087554932, "passed": true}, "10": {"execution_time": 0.8106498718261719, "passed": true}, "11": {"execution_time": 4.7412109375, "passed": true}, "12": {"execution_time": 0.7253386974334717, "passed": true}, "13": {"execution_time": 0.4362330436706543, "passed": true}, "14": {"execution_time": 0.9004349708557129, "passed": true}, "15": {"execution_time": 0.8934926986694336, "passed": true}, "16": {"execution_time": 0.3775773048400879, "passed": true}, "17": {"execution_time": 0.46634411811828613, "passed": true}, "18": {"execution_time": 0.5405383110046387, "passed": true}, "19": {"execution_time": 0.43124914169311523, "passed": true}, "20": {"execution_time": 0.4061417579650879, "passed": true}, "21": {"execution_time": 0.52842116355896, "passed": true}, "22": {"execution_time": 0.6058163642883301, "passed": true}, "23": {"execution_time": 0.4200887680053711, "passed": true}, "24": {"execution_time": 0.4339759349822998, "passed": true}, "25": {"execution_time": 0.9310150146484375, "passed": true}, "26": {"execution_time": 0.8536660671234131, "passed": true}, "27": {"execution_time": 0.9565079212188721, "passed": true}, "28": {"execution_time": 1.34153151512146, "passed": true}, "29": {"execution_time": 0.2489769458770752, "passed": true}}}, "problem_id": "ads2_m16_a1_1", "check_style_score": "0/1"}