{"user_id": "Rohithmarktricks", "score": {"sample": {"0": {"execution_time": 0.6085355281829834, "passed": true}, "1": {"execution_time": 0.3581972122192383, "passed": true}, "2": {"execution_time": 0.7939269542694092, "passed": true}, "3": {"execution_time": 0.8901224136352539, "passed": true}, "4": {"execution_time": 0.8011302947998047, "passed": true}, "5": {"execution_time": 0.7236120700836182, "passed": true}, "6": {"execution_time": 0.8590426445007324, "passed": true}, "7": {"execution_time": 0.7068126201629639, "passed": true}, "8": {"execution_time": 0.40613341331481934, "passed": true}, "9": {"execution_time": 0.8145782947540283, "passed": true}, "10": {"execution_time": 0.87420654296875, "passed": true}, "11": {"execution_time": 4.552680015563965, "passed": true}, "12": {"execution_time": 0.7124278545379639, "passed": true}, "13": {"execution_time": 0.24314188957214355, "passed": true}, "14": {"execution_time": 0.8474862575531006, "passed": true}, "15": {"execution_time": 0.7391338348388672, "passed": true}, "16": {"execution_time": 0.412766695022583, "passed": true}, "17": {"execution_time": 0.48476719856262207, "passed": true}, "18": {"execution_time": 0.38590073585510254, "passed": true}, "19": {"execution_time": 0.49229860305786133, "passed": true}, "20": {"execution_time": 0.5038130283355713, "passed": true}, "21": {"execution_time": 0.4800417423248291, "passed": true}, "22": {"execution_time": 0.3682115077972412, "passed": true}, "23": {"execution_time": 0.5021786689758301, "passed": true}, "24": {"execution_time": 0.2674839496612549, "passed": true}, "25": {"execution_time": 0.8952360153198242, "passed": true}, "26": {"execution_time": 0.6735177040100098, "passed": true}, "27": {"execution_time": 0.8569004535675049, "passed": true}, "28": {"execution_time": 1.1516752243041992, "passed": true}, "29": {"execution_time": 0.28865790367126465, "passed": false}}}, "version": "1", "problem_id": "ads2_m16_a1_1", "message": "ERROR: Hidden Testcases server unreachable.", "check_style_score": "0/1"}