{"version": "1", "user_id": "Rohithmarktricks", "problem_id": "ads2_m16_a1_1", "score": {"sample": {"0": {"passed": true, "execution_time": 0.4443933963775635}, "1": {"passed": true, "execution_time": 0.43256521224975586}, "2": {"passed": true, "execution_time": 0.8782050609588623}, "3": {"passed": true, "execution_time": 0.7475662231445312}, "4": {"passed": true, "execution_time": 0.8972001075744629}, "5": {"passed": true, "execution_time": 0.7558801174163818}, "6": {"passed": true, "execution_time": 0.8547029495239258}, "7": {"passed": true, "execution_time": 0.7444045543670654}, "8": {"passed": true, "execution_time": 0.4871690273284912}, "9": {"passed": true, "execution_time": 0.7983934879302979}, "10": {"passed": true, "execution_time": 0.7628321647644043}, "11": {"passed": true, "execution_time": 5.057087182998657}, "12": {"passed": true, "execution_time": 1.055309772491455}, "13": {"passed": true, "execution_time": 0.5724778175354004}, "14": {"passed": true, "execution_time": 1.0773158073425293}, "15": {"passed": true, "execution_time": 0.9472072124481201}, "16": {"passed": true, "execution_time": 0.6244266033172607}, "17": {"passed": true, "execution_time": 0.5330705642700195}, "18": {"passed": true, "execution_time": 0.5442996025085449}, "19": {"passed": true, "execution_time": 0.5405769348144531}, "20": {"passed": true, "execution_time": 0.4084796905517578}, "21": {"passed": true, "execution_time": 0.42891812324523926}, "22": {"passed": true, "execution_time": 0.4231135845184326}, "23": {"passed": true, "execution_time": 0.47894716262817383}, "24": {"passed": true, "execution_time": 0.2402355670928955}, "25": {"passed": true, "execution_time": 0.9176003932952881}, "26": {"passed": true, "execution_time": 0.7452812194824219}, "27": {"passed": true, "execution_time": 0.799701452255249}, "28": {"passed": true, "execution_time": 1.1132841110229492}, "29": {"passed": false, "execution_time": 0.36957740783691406}}}, "check_style_score": "0/1", "message": "ERROR: Hidden Testcases server unreachable."}