{"message": "ERROR: Hidden Testcases server unreachable.", "score": {"sample": {"0": {"execution_time": 0.5220825672149658, "passed": true}, "1": {"execution_time": 0.5563778877258301, "passed": false}, "2": {"execution_time": 0.7963392734527588, "passed": true}, "3": {"execution_time": 0.7943546772003174, "passed": true}, "4": {"execution_time": 0.8330113887786865, "passed": true}, "5": {"execution_time": 0.8807797431945801, "passed": false}, "6": {"execution_time": 0.8316984176635742, "passed": false}, "7": {"execution_time": 0.7257447242736816, "passed": true}, "8": {"execution_time": 0.5553388595581055, "passed": false}, "9": {"execution_time": 0.8434398174285889, "passed": true}, "10": {"execution_time": 0.7096140384674072, "passed": false}, "11": {"execution_time": 4.872006177902222, "passed": true}, "12": {"execution_time": 0.8865478038787842, "passed": false}, "13": {"execution_time": 0.46301746368408203, "passed": true}, "14": {"execution_time": 0.7365894317626953, "passed": true}, "15": {"execution_time": 0.86627197265625, "passed": false}, "16": {"execution_time": 0.5330116748809814, "passed": true}, "17": {"execution_time": 0.40056824684143066, "passed": true}, "18": {"execution_time": 0.5023064613342285, "passed": true}, "19": {"execution_time": 0.5358753204345703, "passed": true}, "20": {"execution_time": 0.4887690544128418, "passed": false}, "21": {"execution_time": 0.41080284118652344, "passed": true}, "22": {"execution_time": 0.4577784538269043, "passed": true}, "23": {"execution_time": 0.48453283309936523, "passed": false}, "24": {"execution_time": 0.33544373512268066, "passed": true}, "25": {"execution_time": 0.8029763698577881, "passed": false}, "26": {"execution_time": 0.6878113746643066, "passed": false}, "27": {"execution_time": 0.8874528408050537, "passed": false}, "28": {"execution_time": 1.3194379806518555, "passed": false}, "29": {"execution_time": 0.3047678470611572, "passed": false}}}, "problem_id": "ads2_m16_a1_1", "user_id": "Rohithmarktricks", "version": "1", "check_style_score": "0/1"}